{
    "empathy": 0.7500000000000002,
    "conciseness": 0.55,
    "complexity": 0.7500000000000002
}